id,nombre,categoria,precio_noche,capacidad,metros2,descripcion_es,descripcion_en,caracteristicas_es,caracteristicas_en,imagen,activa,orden
llaima,Volcán Llaima,Habitación Doble – Baño Compartido,50000,2,,"Habitación del primer piso con cama matrimonial y piso de madera. Cuenta con un gran clóset, veladores con lámparas y un ventanal con salida directa al jardín. Comparte un baño completo con ducha con la habitación Volcán Rukapillán.","Ground-floor room with a double bed and wooden floors. It features a large closet, bedside tables with lamps and a full-height window opening directly onto the garden. Shares a full bathroom with shower with the Volcán Rukapillán room.","Cama matrimonial
Baño compartido con ducha (con Volcán Rukapillán)
Salida directa al jardín
Ventanal al jardín
Clóset amplio
Piso de madera
Veladores con lámparas
Primer piso","Double bed
Shared bathroom with shower (with Volcán Rukapillán)
Direct garden access
Garden-facing picture window
Large closet
Wooden floors
Bedside tables with lamps
Ground floor",images/habitaciones/llaima.jpg,true,1
rukapillan,Volcán Rukapillán,Habitación Twin – Baño Compartido,50000,2,,"Habitación del primer piso con dos camas y escritorio de trabajo, piso de madera y gran clóset. Ventanal con salida directa al jardín y veladores con lámparas. Comparte un baño completo con ducha con la habitación Volcán Llaima.","Ground-floor room with two beds and a work desk, wooden floors and a large closet. Full-height window with direct garden access and bedside tables with lamps. Shares a full bathroom with shower with the Volcán Llaima room.","2 camas
Salida directa al jardín
Baño compartido con ducha (con Volcán Llaima)
Escritorio
Ventanal al jardín
Clóset amplio
Piso de madera
Veladores con lámparas
Primer piso","2 beds
Direct garden access
Shared bathroom with shower (with Volcán Llaima)
Desk
Garden-facing picture window
Large closet
Wooden floors
Bedside tables with lamps
Ground floor",images/habitaciones/rukapillan.jpg,true,2
sierra-nevada,Volcán Sierra Nevada,Habitación Twin – Baño Exterior,55000,2,,"Habitación del primer piso con dos camas y clóset amplio, piso de madera y ventanal con salida directa al jardín. El baño completo con ducha se encuentra fuera de la habitación y es de uso exclusivo.","Ground-floor room with two beds and a spacious closet, wooden floors and a full-height window opening onto the garden. The full bathroom with shower is for the exclusive use of this room and is located just outside it.","2 camas
Baño con ducha fuera de la habitación, de uso exclusivo
Salida directa al jardín
Ventanal al jardín
Clóset amplio
Piso de madera
Veladores con lámparas
Primer piso","2 beds
Exclusive-use bathroom with shower, outside the room
Direct garden access
Garden-facing picture window
Spacious closet
Wooden floors
Bedside tables with lamps
Ground floor",images/habitaciones/sierra-nevada.jpg,true,3
tolhuaca,Volcán Tolhuaca,Habitación Doble,55000,2,,"Habitación del primer piso con baño privado dentro de la habitación y ducha. Gran clóset, piso de madera y ventanal con salida directa al jardín.","Ground-floor room with a private en-suite bathroom with shower. Large closet, wooden floors and a full-height window opening directly onto the garden.","Cama matrimonial
Baño privado en la habitación, con ducha
Salida directa al jardín
Ventanal al jardín
Clóset amplio
Piso de madera
Veladores con lámparas
Primer piso","Double bed
Private en-suite bathroom with shower
Direct garden access
Garden-facing picture window
Large closet
Wooden floors
Bedside tables with lamps
Ground floor",images/habitaciones/tolhuaca.jpg,true,4
lanin,Volcán Lanín,Suite Premium,55000,3,,"Habitación amplia del segundo piso con baño privado dentro y ducha. Cuenta con cama matrimonial y una cama chica adicional, dos veladores y una linda vista al jardín y a la piscina. Capacidad para 2 adultos y 1 niño.","Spacious second-floor room with a private en-suite bathroom and shower. It has a double bed plus an extra small bed, two bedside tables and lovely views over the garden and the pool. Sleeps 2 adults and 1 child.","Cama matrimonial + cama chica adicional
Baño privado en la habitación, con ducha
Vista al jardín y a la piscina
2 veladores
Habitación amplia
Segundo piso
Apta para 2 adultos y 1 niño","Double bed + extra small bed
Private en-suite bathroom with shower
Garden and pool views
2 bedside tables
Spacious room
Second floor
Suitable for 2 adults and 1 child",images/habitaciones/lanin.jpg,true,5
sollipulli,Volcán Sollipulli,Habitación Cuádruple – Literas,55000,4,,"Habitación amplia del segundo piso con dos literas, pensada para grupos o familias. Tiene baño privado dentro de la habitación, con ducha y tragaluz en el techo que le da mucha luz natural, y un arrimo de clóset para la ropa.","Spacious second-floor room with two bunk beds, suited to groups or families. It has a private en-suite bathroom with shower and a ceiling skylight that fills it with natural light, plus a wardrobe unit for clothes.","Dos literas (4 plazas)
Baño privado en la habitación, con ducha
Tragaluz en el techo
Arrimo de clóset
Segundo piso","Two bunk beds (sleeps 4)
Private en-suite bathroom with shower
Ceiling skylight
Wardrobe unit
Second floor",images/habitaciones/sollipulli.jpg,true,6
lonquimay,Volcán Lonquimay,Habitación Doble,55000,2,,"Habitación del segundo piso con cama matrimonial y baño privado dentro de la habitación, con ducha. Cuenta con repisas para guardar y ordenar la ropa.",Second-floor room with a double bed and a private en-suite bathroom with shower. It has open shelving for storing and organising clothes.,"Cama matrimonial
Baño privado en la habitación, con ducha
Repisas para la ropa
Veladores con lámparas
Segundo piso","Double bed
Private en-suite bathroom with shower
Open clothing shelves
Bedside tables with lamps
Second floor",images/habitaciones/lonquimay.jpg,true,7
